{
    "data": {
        "layout-restorer:data": {
            "main": {
                "dock": {
                    "type": "split-area",
                    "orientation": "vertical",
                    "sizes": [
                        0.6180469715698393,
                        0.3819530284301607
                    ],
                    "children": [
                        {
                            "type": "split-area",
                            "orientation": "horizontal",
                            "sizes": [
                                0.5,
                                0.5
                            ],
                            "children": [
                                {
                                    "type": "tab-area",
                                    "currentIndex": 0,
                                    "widgets": [
                                        "notebook:Notebooks/CarsDB-compare.ipynb"
                                    ]
                                },
                                {
                                    "type": "tab-area",
                                    "currentIndex": 0,
                                    "widgets": [
                                        "application-mimedocuments:Notebooks/README.md:Markdown Preview"
                                    ]
                                }
                            ]
                        },
                        {
                            "type": "tab-area",
                            "currentIndex": 0,
                            "widgets": [
                                "terminal:1"
                            ]
                        }
                    ]
                },
                "mode": "multiple-document",
                "current": "terminal:1"
            },
            "left": {
                "collapsed": false,
                "current": "filebrowser",
                "widgets": [
                    "filebrowser",
                    "running-sessions",
                    "command-palette",
                    "tab-manager"
                ]
            },
            "right": {
                "collapsed": true,
                "widgets": []
            }
        },
        "notebook:Notebooks/CarsDB-compare.ipynb": {
            "data": {
                "path": "Notebooks/CarsDB-compare.ipynb",
                "factory": "Notebook"
            }
        },
        "terminal:1": {
            "data": {
                "name": "1"
            }
        },
        "@jupyterlab/settingeditor-extension:plugin": {
            "sizes": [
                0.25,
                0.75
            ],
            "container": {
                "editor": "raw",
                "plugin": "@jupyterlab/shortcuts-extension:shortcuts",
                "sizes": [
                    0.5,
                    0.5
                ]
            }
        },
        "file-browser-filebrowser:cwd": {
            "path": "Notebooks"
        },
        "application-mimedocuments:Notebooks/README.md:Markdown Preview": {
            "data": {
                "path": "Notebooks/README.md",
                "factory": "Markdown Preview"
            }
        }
    },
    "metadata": {
        "id": "/lab"
    }
}
